SNR_dB,Frames,Bit_Errors,BER,FER
0.0,50,7479,0.14958,1.0
0.5,50,6627,0.13254,1.0
1.0,52,5439,0.10459615384615385,0.9615384615384616
1.5,75,4161,0.05548,0.6666666666666666
2.0,394,4072,0.01033502538071066,0.12690355329949238
2.5,7073,3404,0.00048126678919836,0.007069136151562279
3.0,10000,0,0.0,0.0
